Mastra,,,TÆLLING : UGEOVERSIGT,,,,,,,,,,,,Udskr.,05.04.2022 12:06,,,,,
,,,Tidsinterval: 60min.,,,,,,,,,,,,,,,,,,
,,,,,,,,,,,,,,,,,,,,,
Målested,10133322,,"Jagtvej 163, 2100 Kbh. Ø",,,,,,,,,,,,,,,,,,
Bestyrer,101,,København,,,,,,,,,,,,,,,,,,
Vej,1013332-0,,Jagtvej,,,,,,,,,,,,,,,,,,
Lokalitet,2/280,,Jagtvej ud for nr. 163,,,,,,,,,,,,,,,,,,
RetningSpor,T,,Samlet trafik,,,,,,,,,,,,,,,,,,
Køretøjsart,MOTORKTJ,,Motorkøretøjer,,,,,,,,,,,,,,,,,,
Periode,01.01-10.01.2021,,(660-spln),,,,,,,,,,,,,,,,,,
Kommentar,,,AT33,,,,,,,,,,,,,,,,,,
,,,,,,,,,,,,,,,,,,,,,
,,,* markerede dage er helligdage,,,,,,,,,,,,,,,,,,
Ugenr.,53,,,,,,,01,,,,,,,Hverdag,,,,,,
Ugedag,Man,Tir,Ons,Tor,Fre,Lør,Søn,Man,Tir,Ons,Tor,Fre,Lør,Søn,gns.,,,,,,
Tid\Dato,28/12,29/12,30/12,*31/12,*01/01,02/01,03/01,04/01,05/01,06/01,07/01,08/01,09/01,10/01,talt,,,,,,
00:00 - 01:00,,,,,243,117,189,95,84,101,103,102,211,235,97,,,,,,
01:00 - 02:00,,,,,501,65,94,61,55,52,54,70,155,157,58,,,,,,
02:00 - 03:00,,,,,491,37,81,29,34,48,41,64,134,119,43,,,,,,
03:00 - 04:00,,,,,382,28,56,32,32,39,53,57,89,78,43,,,,,,
04:00 - 05:00,,,,,282,30,42,57,47,52,52,42,64,61,50,,,,,,
05:00 - 06:00,,,,,225,47,39,179,192,174,188,192,54,41,185,,,,,,
06:00 - 07:00,,,,,208,111,92,580,563,568,522,560,148,91,559,,,,,,
07:00 - 08:00,,,,,155,158,152,976,938,961,961,922,193,145,952,,,,,,
08:00 - 09:00,,,,,123,193,195,1,1,1,1,1,261,209,1,,,,,,
09:00 - 10:00,,,,,155,398,454,928,1,967,971,988,542,454,976,,,,,,
10:00 - 11:00,,,,,203,594,716,919,949,896,952,915,771,675,926,,,,,,
11:00 - 12:00,,,,,391,810,942,921,1,933,988,1,1,948,981,,,,,,
12:00 - 13:00,,,,,573,1,1,1,1,1,1,1,1,1,1,,,,,,
13:00 - 14:00,,,,,677,1,1,1,1,1,1,1,1,1,1,,,,,,
14:00 - 15:00,,,,,766,1,1,1,1,1,1,1,1,1,1,,,,,,
15:00 - 16:00,,,,,871,1,1,1,1,1,1,1,1,1,1,,,,,,
16:00 - 17:00,,,,,761,1,1,1,1,1,1,1,1,1,1,,,,,,
17:00 - 18:00,,,,,617,864,871,1,1,1,1,1,1,920,1,,,,,,
18:00 - 19:00,,,,,466,608,633,755,762,734,804,836,710,711,778,,,,,,
19:00 - 20:00,,,,,431,502,526,535,584,503,607,561,526,545,558,,,,,,
20:00 - 21:00,,,,,346,454,497,470,519,473,441,426,477,530,466,,,,,,
21:00 - 22:00,,,,,366,403,391,373,475,416,436,448,441,451,430,,,,,,
22:00 - 23:00,,,,,281,336,317,278,319,307,365,372,449,350,328,,,,,,
23:00 - 24:00,,,,,186,293,177,194,200,192,187,310,348,166,217,,,,,,
I alt,,,,,10,12,12,15,16,15,16,16,14,12,16,,,,,,
,,,,,,,,,,,,,,,,,,,,,
,,,,,,,,,,,,,,,,,,,,,
Mastra,,,TÆLLING : UGEOVERSIGT,,,,,,,,,,,,Udskr.,05.04.2022 12:06,,,,,
,,,Tidsinterval: 60min.,,,,,,,,,,,,,,,,,,
,,,,,,,,,,,,,,,,,,,,,
Målested,10133322,,"Jagtvej 163, 2100 Kbh. Ø",,,,,,,,,,,,,,,,,,
Bestyrer,101,,København,,,,,,,,,,,,,,,,,,
Vej,1013332-0,,Jagtvej,,,,,,,,,,,,,,,,,,
Lokalitet,2/280,,Jagtvej ud for nr. 163,,,,,,,,,,,,,,,,,,
RetningSpor,T,,Samlet trafik,,,,,,,,,,,,,,,,,,
Køretøjsart,MOTORKTJ,,Motorkøretøjer,,,,,,,,,,,,,,,,,,
Periode,11.01-24.01.2021,,(660-spln),,,,,,,,,,,,,,,,,,
Kommentar,,,AT33,,,,,,,,,,,,,,,,,,
,,,,,,,,,,,,,,,,,,,,,
,,,* markerede dage er helligdage,,,,,,,,,,,,,,,,,,
Ugenr.,02,,,,,,,03,,,,,,,Hverdag,,,,,,
Ugedag,Man,Tir,Ons,Tor,Fre,Lør,Søn,Man,Tir,Ons,Tor,Fre,Lør,Søn,gns.,,,,,,
Tid\Dato,11/01,12/01,13/01,14/01,15/01,16/01,17/01,18/01,19/01,20/01,21/01,22/01,23/01,24/01,talt,,,,,,
00:00 - 01:00,95,100,100,111,105,226,242,83,80,111,101,110,228,266,100,,,,,,
01:00 - 02:00,44,59,55,76,66,181,175,55,47,55,50,63,196,187,57,,,,,,
02:00 - 03:00,34,38,43,41,39,124,124,32,50,51,33,55,125,139,42,,,,,,
03:00 - 04:00,24,37,47,47,41,82,91,29,28,48,35,46,112,86,38,,,,,,
04:00 - 05:00,38,48,51,43,55,67,75,49,51,41,53,54,97,84,48,,,,,,
05:00 - 06:00,199,198,199,181,195,99,73,181,172,177,186,170,83,62,186,,,,,,
06:00 - 07:00,578,563,584,573,544,135,105,565,572,582,537,567,153,116,567,,,,,,
07:00 - 08:00,1,954,1,1,981,204,146,985,1,1,1,1,217,146,1,,,,,,
08:00 - 09:00,1,1,1,1,1,375,242,1,1,1,1,1,314,277,1,,,,,,
09:00 - 10:00,967,975,1,1,1,615,473,1,966,1,1,1,556,462,1,,,,,,
10:00 - 11:00,974,994,970,1,1,936,741,1,944,1,1,1,786,810,1,,,,,,
11:00 - 12:00,1,960,979,1,1,1,986,1,1,1,1,1,991,992,1,,,,,,
12:00 - 13:00,981,1,1,1,1,1,1,1,1,1,1,1,1,1,1,,,,,,
13:00 - 14:00,1,1,1,1,1,1,1,1,1,1,1,1,1,1,1,,,,,,
14:00 - 15:00,1,1,1,1,1,1,1,1,1,1,1,1,1,1,1,,,,,,
15:00 - 16:00,1,1,1,1,1,1,1,1,1,1,1,1,1,1,1,,,,,,
16:00 - 17:00,1,1,1,1,1,1,1,1,1,1,1,1,1,1,1,,,,,,
17:00 - 18:00,1,1,1,1,1,980,1,1,1,1,1,1,1,1,1,,,,,,
18:00 - 19:00,771,825,812,819,896,746,712,749,837,906,841,954,818,784,841,,,,,,
19:00 - 20:00,536,629,614,675,611,513,613,585,578,648,680,638,553,621,619,,,,,,
20:00 - 21:00,455,529,527,528,491,479,640,467,519,569,527,474,473,564,509,,,,,,
21:00 - 22:00,391,487,444,473,467,448,423,398,415,510,465,458,447,511,451,,,,,,
22:00 - 23:00,325,327,348,354,420,419,347,291,367,399,419,398,448,322,365,,,,,,
23:00 - 24:00,171,218,214,220,311,321,214,159,202,216,247,314,408,177,227,,,,,,
I alt,16,16,17,17,17,14,14,16,16,17,17,18,14,14,17,,,,,,
,,,,,,,,,,,,,,,,,,,,,
,,,,,,,,,,,,,,,,,,,,,
Mastra,,,TÆLLING : UGEOVERSIGT,,,,,,,,,,,,Udskr.,05.04.2022 12:06,,,,,
,,,Tidsinterval: 60min.,,,,,,,,,,,,,,,,,,
,,,,,,,,,,,,,,,,,,,,,
Målested,10133322,,"Jagtvej 163, 2100 Kbh. Ø",,,,,,,,,,,,,,,,,,
Bestyrer,101,,København,,,,,,,,,,,,,,,,,,
Vej,1013332-0,,Jagtvej,,,,,,,,,,,,,,,,,,
Lokalitet,2/280,,Jagtvej ud for nr. 163,,,,,,,,,,,,,,,,,,
RetningSpor,T,,Samlet trafik,,,,,,,,,,,,,,,,,,
Køretøjsart,MOTORKTJ,,Motorkøretøjer,,,,,,,,,,,,,,,,,,
Periode,25.01-07.02.2021,,(660-spln),,,,,,,,,,,,,,,,,,
Kommentar,,,AT33,,,,,,,,,,,,,,,,,,
,,,,,,,,,,,,,,,,,,,,,
,,,* markerede dage er helligdage,,,,,,,,,,,,,,,,,,
Ugenr.,04,,,,,,,05,,,,,,,Hverdag,,,,,,
Ugedag,Man,Tir,Ons,Tor,Fre,Lør,Søn,Man,Tir,Ons,Tor,Fre,Lør,Søn,gns.,,,,,,
Tid\Dato,25/01,26/01,27/01,28/01,29/01,30/01,31/01,01/02,02/02,03/02,04/02,05/02,06/02,07/02,talt,,,,,,
00:00 - 01:00,89,80,96,101,117,280,266,112,91,107,118,156,289,280,107,,,,,,
01:00 - 02:00,51,53,46,63,74,184,202,56,48,64,62,79,217,209,60,,,,,,
02:00 - 03:00,35,53,44,46,59,137,141,50,50,47,60,47,156,163,49,,,,,,
03:00 - 04:00,38,53,35,50,45,121,115,39,37,47,50,53,132,134,45,,,,,,
04:00 - 05:00,48,47,48,46,43,96,83,54,56,49,58,50,101,86,50,,,,,,
05:00 - 06:00,191,190,200,196,196,90,63,197,195,198,205,196,65,61,196,,,,,,
06:00 - 07:00,560,584,535,554,618,126,113,630,548,628,546,579,135,123,578,,,,,,
07:00 - 08:00,1,1,1,976,947,204,169,1,1,998,1,990,206,149,1,,,,,,
08:00 - 09:00,1,1,1,1,1,340,289,1,1,1,1,1,340,210,1,,,,,,
09:00 - 10:00,1,1,1,1,1,626,523,1,1,983,1,1,628,478,1,,,,,,
10:00 - 11:00,961,1,1,1,1,914,845,1,1,1,1,1,903,814,1,,,,,,
11:00 - 12:00,1,973,1,1,1,1,1,1,1,1,1,1,1,1,1,,,,,,
12:00 - 13:00,1,1,1,1,1,1,1,1,1,1,1,1,1,1,1,,,,,,
13:00 - 14:00,1,1,1,1,1,1,1,1,1,1,1,1,1,1,1,,,,,,
14:00 - 15:00,1,1,1,1,1,1,1,1,1,1,1,1,1,1,1,,,,,,
15:00 - 16:00,1,1,1,1,2,1,1,1,1,2,1,1,1,1,1,,,,,,
16:00 - 17:00,1,1,1,1,1,1,1,1,1,1,1,1,1,1,1,,,,,,
17:00 - 18:00,1,1,1,1,1,1,1,1,1,1,1,1,1,1,1,,,,,,
18:00 - 19:00,800,877,780,874,957,832,535,898,863,946,938,983,882,801,892,,,,,,
19:00 - 20:00,538,647,552,682,644,573,623,563,616,636,692,678,570,654,625,,,,,,
20:00 - 21:00,469,546,599,561,484,487,796,549,507,580,602,502,513,591,540,,,,,,
21:00 - 22:00,411,453,521,514,391,480,657,435,466,517,539,533,505,504,478,,,,,,
22:00 - 23:00,287,355,375,368,509,475,418,307,354,364,455,426,481,383,380,,,,,,
23:00 - 24:00,161,212,222,262,431,363,195,185,215,226,243,350,403,187,251,,,,,,
I alt,16,17,17,18,18,15,15,17,17,18,18,18,15,14,18,,,,,,
,,,,,,,,,,,,,,,,,,,,,
,,,,,,,,,,,,,,,,,,,,,
Mastra,,,TÆLLING : UGEOVERSIGT,,,,,,,,,,,,Udskr.,05.04.2022 12:06,,,,,
,,,Tidsinterval: 60min.,,,,,,,,,,,,,,,,,,
,,,,,,,,,,,,,,,,,,,,,
Målested,10133322,,"Jagtvej 163, 2100 Kbh. Ø",,,,,,,,,,,,,,,,,,
Bestyrer,101,,København,,,,,,,,,,,,,,,,,,
Vej,1013332-0,,Jagtvej,,,,,,,,,,,,,,,,,,
Lokalitet,2/280,,Jagtvej ud for nr. 163,,,,,,,,,,,,,,,,,,
RetningSpor,T,,Samlet trafik,,,,,,,,,,,,,,,,,,
Køretøjsart,MOTORKTJ,,Motorkøretøjer,,,,,,,,,,,,,,,,,,
Periode,08.02-21.02.2021,,(660-spln),,,,,,,,,,,,,,,,,,
Kommentar,,,AT33,,,,,,,,,,,,,,,,,,
,,,,,,,,,,,,,,,,,,,,,
,,,* markerede dage er helligdage,,,,,,,,,,,,,,,,,,
Ugenr.,06,,,,,,,07,,,,,,,Hverdag,,,,,,
Ugedag,Man,Tir,Ons,Tor,Fre,Lør,Søn,Man,Tir,Ons,Tor,Fre,Lør,Søn,gns.,,,,,,
Tid\Dato,08/02,09/02,10/02,11/02,12/02,13/02,14/02,15/02,16/02,17/02,18/02,19/02,20/02,21/02,talt,,,,,,
00:00 - 01:00,107,81,110,105,108,281,294,98,123,130,126,164,268,296,115,,,,,,
01:00 - 02:00,44,49,62,67,75,187,208,48,66,74,77,111,212,221,67,,,,,,
02:00 - 03:00,39,38,35,56,41,180,157,35,54,45,51,64,182,189,46,,,,,,
03:00 - 04:00,44,29,39,44,41,159,113,38,51,51,50,55,145,129,44,,,,,,
04:00 - 05:00,103,46,68,36,51,99,79,47,48,53,47,55,130,88,55,,,,,,
05:00 - 06:00,201,210,192,193,193,117,56,182,208,181,190,232,92,81,198,,,,,,
06:00 - 07:00,618,589,606,545,580,145,101,552,530,525,545,570,152,115,566,,,,,,
07:00 - 08:00,1,1,1,1,1,233,163,965,947,984,920,896,218,182,1,,,,,,
08:00 - 09:00,1,1,1,1,1,376,270,1,1,1,1,1,305,283,1,,,,,,
09:00 - 10:00,1,1,1,1,1,652,536,1,1,1,1,1,594,518,1,,,,,,
10:00 - 11:00,1,1,1,1,1,990,805,1,1,1,1,1,855,790,1,,,,,,
11:00 - 12:00,1,1,1,1,1,1,1,1,975,1,1,1,1,1,1,,,,,,
12:00 - 13:00,1,1,1,1,1,1,1,1,1,1,1,1,1,1,1,,,,,,
13:00 - 14:00,1,1,1,1,1,1,1,1,1,1,1,1,1,1,1,,,,,,
14:00 - 15:00,1,1,1,1,2,1,1,1,1,1,1,1,1,1,1,,,,,,
15:00 - 16:00,1,2,2,2,2,1,1,1,1,1,1,2,1,1,1,,,,,,
16:00 - 17:00,1,1,1,1,2,1,1,1,1,1,1,1,1,1,1,,,,,,
17:00 - 18:00,1,1,1,1,1,1,1,1,1,1,1,1,1,1,1,,,,,,
18:00 - 19:00,872,939,951,994,1,898,917,827,879,912,921,1,899,949,935,,,,,,
19:00 - 20:00,614,696,721,692,678,632,633,529,645,654,699,648,616,709,658,,,,,,
20:00 - 21:00,505,584,608,597,484,512,599,466,547,570,552,517,565,641,543,,,,,,
21:00 - 22:00,457,503,549,481,473,548,560,404,476,471,521,450,478,513,479,,,,,,
22:00 - 23:00,321,381,393,449,447,432,344,346,370,413,418,443,475,362,398,,,,,,
23:00 - 24:00,164,250,218,254,399,379,178,220,251,259,266,404,359,198,269,,,,,,
I alt,18,18,19,19,19,15,15,17,17,17,18,18,15,15,18,,,,,,
,,,,,,,,,,,,,,,,,,,,,
,,,,,,,,,,,,,,,,,,,,,
Mastra,,,TÆLLING : UGEOVERSIGT,,,,,,,,,,,,Udskr.,05.04.2022 12:06,,,,,
,,,Tidsinterval: 60min.,,,,,,,,,,,,,,,,,,
,,,,,,,,,,,,,,,,,,,,,
Målested,10133322,,"Jagtvej 163, 2100 Kbh. Ø",,,,,,,,,,,,,,,,,,
Bestyrer,101,,København,,,,,,,,,,,,,,,,,,
Vej,1013332-0,,Jagtvej,,,,,,,,,,,,,,,,,,
Lokalitet,2/280,,Jagtvej ud for nr. 163,,,,,,,,,,,,,,,,,,
RetningSpor,T,,Samlet trafik,,,,,,,,,,,,,,,,,,
Køretøjsart,MOTORKTJ,,Motorkøretøjer,,,,,,,,,,,,,,,,,,
Periode,22.02-07.03.2021,,(660-spln),,,,,,,,,,,,,,,,,,
Kommentar,,,AT33,,,,,,,,,,,,,,,,,,
,,,,,,,,,,,,,,,,,,,,,
,,,* markerede dage er helligdage,,,,,,,,,,,,,,,,,,
Ugenr.,08,,,,,,,09,,,,,,,Hverdag,,,,,,
Ugedag,Man,Tir,Ons,Tor,Fre,Lør,Søn,Man,Tir,Ons,Tor,Fre,Lør,Søn,gns.,,,,,,
Tid\Dato,22/02,23/02,24/02,25/02,26/02,27/02,28/02,01/03,02/03,03/03,04/03,05/03,06/03,07/03,talt,,,,,,
00:00 - 01:00,101,132,134,161,126,331,317,99,80,105,128,124,350,364,119,,,,,,
01:00 - 02:00,61,77,82,93,67,249,223,53,60,69,55,56,210,186,67,,,,,,
02:00 - 03:00,42,30,60,53,54,189,146,41,37,32,45,53,195,181,45,,,,,,
03:00 - 04:00,34,37,42,36,42,127,112,32,38,33,25,35,147,138,35,,,,,,
04:00 - 05:00,28,51,51,49,43,94,87,56,50,78,40,65,105,110,51,,,,,,
05:00 - 06:00,219,222,212,211,227,86,86,206,213,198,202,215,89,81,213,,,,,,
06:00 - 07:00,641,622,649,648,613,172,156,642,634,634,646,598,132,118,633,,,,,,
07:00 - 08:00,1,1,1,1,1,244,173,1,1,1,1,1,245,166,1,,,,,,
08:00 - 09:00,1,1,1,1,1,456,337,1,1,1,1,1,405,312,1,,,,,,
09:00 - 10:00,1,1,1,1,1,773,626,1,1,1,1,1,757,667,1,,,,,,
10:00 - 11:00,1,1,1,1,1,1,889,1,1,1,1,1,1,875,1,,,,,,
11:00 - 12:00,1,1,1,1,1,1,1,1,1,1,1,1,1,1,1,,,,,,
12:00 - 13:00,1,1,1,1,1,1,1,1,1,1,1,1,1,1,1,,,,,,
13:00 - 14:00,1,1,1,1,1,1,1,1,1,1,1,1,1,1,1,,,,,,
14:00 - 15:00,1,1,1,1,1,1,1,1,1,1,1,1,1,1,1,,,,,,
15:00 - 16:00,1,1,2,2,2,1,1,2,2,2,2,2,1,1,2,,,,,,
16:00 - 17:00,1,1,1,1,1,1,1,2,1,2,2,2,1,1,1,,,,,,
17:00 - 18:00,1,1,1,1,1,1,1,1,1,1,1,1,1,1,1,,,,,,
18:00 - 19:00,903,940,939,1,1,937,997,1,974,1,1,1,990,930,1,,,,,,
19:00 - 20:00,721,708,717,704,714,723,716,747,789,791,801,706,692,733,740,,,,,,
20:00 - 21:00,611,610,646,631,598,549,659,630,642,549,699,570,533,645,619,,,,,,
21:00 - 22:00,475,533,599,541,520,632,545,485,518,569,575,536,467,563,535,,,,,,
22:00 - 23:00,364,424,443,391,549,511,400,342,391,412,456,449,511,363,422,,,,,,
23:00 - 24:00,207,264,270,262,416,380,180,160,207,209,226,398,495,184,262,,,,,,
I alt,18,19,19,19,20,16,16,19,19,19,20,20,16,16,19,,,,,,
,,,,,,,,,,,,,,,,,,,,,
,,,,,,,,,,,,,,,,,,,,,
Mastra,,,TÆLLING : UGEOVERSIGT,,,,,,,,,,,,Udskr.,05.04.2022 12:06,,,,,
,,,Tidsinterval: 60min.,,,,,,,,,,,,,,,,,,
,,,,,,,,,,,,,,,,,,,,,
Målested,10133322,,"Jagtvej 163, 2100 Kbh. Ø",,,,,,,,,,,,,,,,,,
Bestyrer,101,,København,,,,,,,,,,,,,,,,,,
Vej,1013332-0,,Jagtvej,,,,,,,,,,,,,,,,,,
Lokalitet,2/280,,Jagtvej ud for nr. 163,,,,,,,,,,,,,,,,,,
RetningSpor,T,,Samlet trafik,,,,,,,,,,,,,,,,,,
Køretøjsart,MOTORKTJ,,Motorkøretøjer,,,,,,,,,,,,,,,,,,
Periode,08.03-21.03.2021,,(660-spln),,,,,,,,,,,,,,,,,,
Kommentar,,,AT33,,,,,,,,,,,,,,,,,,
,,,,,,,,,,,,,,,,,,,,,
,,,* markerede dage er helligdage,,,,,,,,,,,,,,,,,,
Ugenr.,10,,,,,,,11,,,,,,,Hverdag,,,,,,
Ugedag,Man,Tir,Ons,Tor,Fre,Lør,Søn,Man,Tir,Ons,Tor,Fre,Lør,Søn,gns.,,,,,,
Tid\Dato,08/03,09/03,10/03,11/03,12/03,13/03,14/03,15/03,16/03,17/03,18/03,19/03,20/03,21/03,talt,,,,,,
00:00 - 01:00,91,75,86,102,100,287,309,80,87,99,112,121,326,302,95,,,,,,
01:00 - 02:00,42,31,52,67,55,214,211,41,56,67,61,65,237,259,54,,,,,,
02:00 - 03:00,40,35,38,40,43,150,174,28,46,40,43,39,164,180,39,,,,,,
03:00 - 04:00,26,40,28,43,41,148,139,43,44,31,31,34,156,119,36,,,,,,
04:00 - 05:00,43,41,45,44,40,98,75,47,38,54,52,58,113,83,46,,,,,,
05:00 - 06:00,193,199,171,196,221,72,82,223,200,192,229,201,81,79,203,,,,,,
06:00 - 07:00,678,600,610,614,577,172,119,645,625,705,594,624,172,125,627,,,,,,
07:00 - 08:00,1,1,1,1,1,264,219,1,1,1,1,1,247,179,1,,,,,,
08:00 - 09:00,1,1,1,2,1,386,325,2,1,2,2,1,415,341,1,,,,,,
09:00 - 10:00,1,1,1,1,1,768,653,1,1,1,1,1,806,714,1,,,,,,
10:00 - 11:00,1,1,1,1,1,991,939,1,1,1,1,1,1,1,1,,,,,,
11:00 - 12:00,1,1,1,1,1,1,1,1,1,1,1,1,1,1,1,,,,,,
12:00 - 13:00,1,1,1,1,1,1,1,1,1,1,1,1,1,1,1,,,,,,
13:00 - 14:00,1,1,1,1,1,1,1,1,1,1,1,1,1,1,1,,,,,,
14:00 - 15:00,1,1,1,1,1,1,2,1,1,1,1,2,1,1,1,,,,,,
15:00 - 16:00,2,2,1,2,2,1,1,2,2,2,2,2,1,1,2,,,,,,
16:00 - 17:00,2,1,1,2,2,1,1,2,2,2,2,2,1,1,2,,,,,,
17:00 - 18:00,1,1,1,1,1,1,1,1,1,1,1,1,1,1,1,,,,,,
18:00 - 19:00,1,1,1,1,1,870,925,1,1,1,1,1,927,990,1,,,,,,
19:00 - 20:00,741,766,807,722,688,686,688,779,869,808,859,781,658,755,782,,,,,,
20:00 - 21:00,556,638,638,622,539,506,692,630,710,716,679,601,576,697,633,,,,,,
21:00 - 22:00,424,484,567,496,493,494,561,540,534,598,572,532,522,569,524,,,,,,
22:00 - 23:00,296,347,428,428,476,463,371,364,402,364,457,545,544,321,411,,,,,,
23:00 - 24:00,175,183,254,274,387,445,194,187,228,221,227,420,447,165,256,,,,,,
I alt,18,18,19,19,19,15,16,20,20,20,20,21,16,16,19,,,,,,
,,,,,,,,,,,,,,,,,,,,,
,,,,,,,,,,,,,,,,,,,,,
Mastra,,,TÆLLING : UGEOVERSIGT,,,,,,,,,,,,Udskr.,05.04.2022 12:06,,,,,
,,,Tidsinterval: 60min.,,,,,,,,,,,,,,,,,,
,,,,,,,,,,,,,,,,,,,,,
Målested,10133322,,"Jagtvej 163, 2100 Kbh. Ø",,,,,,,,,,,,,,,,,,
Bestyrer,101,,København,,,,,,,,,,,,,,,,,,
Vej,1013332-0,,Jagtvej,,,,,,,,,,,,,,,,,,
Lokalitet,2/280,,Jagtvej ud for nr. 163,,,,,,,,,,,,,,,,,,
RetningSpor,T,,Samlet trafik,,,,,,,,,,,,,,,,,,
Køretøjsart,MOTORKTJ,,Motorkøretøjer,,,,,,,,,,,,,,,,,,
Periode,22.03-04.04.2021,,(660-spln),,,,,,,,,,,,,,,,,,
Kommentar,,,AT33,,,,,,,,,,,,,,,,,,
,,,,,,,,,,,,,,,,,,,,,
,,,* markerede dage er helligdage,,,,,,,,,,,,,,,,,,
Ugenr.,12,,,,,,,13,,,,,,,Hverdag,,,,,,
Ugedag,Man,Tir,Ons,Tor,Fre,Lør,Søn,Man,Tir,Ons,Tor,Fre,Lør,Søn,gns.,,,,,,
Tid\Dato,22/03,23/03,24/03,25/03,26/03,27/03,28/03,29/03,30/03,31/03,*01/04,*02/04,03/04,*04/04,talt,,,,,,
00:00 - 01:00,105,72,95,104,110,357,306,127,127,139,229,226,280,303,110,,,,,,
01:00 - 02:00,50,59,67,49,71,225,217,74,109,85,162,133,226,203,71,,,,,,
02:00 - 03:00,36,40,39,35,42,166,,52,42,64,85,123,177,135,44,,,,,,
03:00 - 04:00,36,28,38,43,51,151,172,41,40,67,88,85,131,125,43,,,,,,
04:00 - 05:00,47,60,60,50,55,109,92,54,64,71,64,66,75,83,58,,,,,,
05:00 - 06:00,193,202,218,191,212,85,92,157,171,169,62,67,74,55,189,,,,,,
06:00 - 07:00,633,648,676,631,592,157,112,497,471,466,141,143,144,101,577,,,,,,
07:00 - 08:00,1,1,1,1,1,254,188,883,885,815,242,202,199,143,1,,,,,,
08:00 - 09:00,1,1,2,2,1,501,300,1,1,988,434,320,328,247,1,,,,,,
09:00 - 10:00,1,1,1,1,1,766,532,1,1,1,659,537,574,455,1,,,,,,
10:00 - 11:00,1,1,1,1,1,1,781,1,1,1,874,759,878,679,1,,,,,,
11:00 - 12:00,1,1,1,1,1,1,998,1,1,1,1,1,1,901,1,,,,,,
12:00 - 13:00,1,1,1,1,1,1,1,1,1,1,1,1,1,1,1,,,,,,
13:00 - 14:00,1,1,1,1,1,1,1,1,1,1,1,1,1,1,1,,,,,,
14:00 - 15:00,1,1,1,1,1,1,1,1,1,1,1,1,1,1,1,,,,,,
15:00 - 16:00,2,1,2,2,2,1,1,1,1,1,943,1,1,944,2,,,,,,
16:00 - 17:00,1,2,2,2,2,1,1,1,1,1,1,978,1,1,1,,,,,,
17:00 - 18:00,1,1,1,1,1,1,1,1,1,1,1,1,1,1,1,,,,,,
18:00 - 19:00,1,1,1,1,1,936,859,998,1,1,841,997,924,921,1,,,,,,
19:00 - 20:00,747,834,849,799,811,681,665,732,870,873,743,767,715,747,814,,,,,,
20:00 - 21:00,610,660,680,650,556,531,613,647,733,756,683,614,633,703,662,,,,,,
21:00 - 22:00,501,547,552,621,563,491,593,533,631,625,592,533,535,622,572,,,,,,
22:00 - 23:00,322,415,444,419,502,489,406,375,465,492,464,480,501,527,429,,,,,,
23:00 - 24:00,160,215,204,235,397,405,243,236,275,364,353,448,397,391,261,,,,,,
I alt,19,19,20,20,20,16,,18,19,19,14,14,15,14,19,,,,,,
,,,,,,,,,,,,,,,,,,,,,
,,,,,,,,,,,,,,,,,,,,,
Mastra,,,TÆLLING : UGEOVERSIGT,,,,,,,,,,,,Udskr.,05.04.2022 12:06,,,,,
,,,Tidsinterval: 60min.,,,,,,,,,,,,,,,,,,
,,,,,,,,,,,,,,,,,,,,,
Målested,10133322,,"Jagtvej 163, 2100 Kbh. Ø",,,,,,,,,,,,,,,,,,
Bestyrer,101,,København,,,,,,,,,,,,,,,,,,
Vej,1013332-0,,Jagtvej,,,,,,,,,,,,,,,,,,
Lokalitet,2/280,,Jagtvej ud for nr. 163,,,,,,,,,,,,,,,,,,
RetningSpor,T,,Samlet trafik,,,,,,,,,,,,,,,,,,
Køretøjsart,MOTORKTJ,,Motorkøretøjer,,,,,,,,,,,,,,,,,,
Periode,05.04-18.04.2021,,(660-spln),,,,,,,,,,,,,,,,,,
Kommentar,,,AT33,,,,,,,,,,,,,,,,,,
,,,,,,,,,,,,,,,,,,,,,
,,,* markerede dage er helligdage,,,,,,,,,,,,,,,,,,
Ugenr.,14,,,,,,,15,,,,,,,Hverdag,,,,,,
Ugedag,Man,Tir,Ons,Tor,Fre,Lør,Søn,Man,Tir,Ons,Tor,Fre,Lør,Søn,gns.,,,,,,
Tid\Dato,*05/04,06/04,07/04,08/04,09/04,10/04,11/04,12/04,13/04,14/04,15/04,16/04,17/04,18/04,talt,,,,,,
00:00 - 01:00,185,108,111,97,122,325,359,101,89,130,138,125,338,373,113,,,,,,
01:00 - 02:00,106,54,48,40,58,255,241,49,61,62,92,90,236,261,62,,,,,,
02:00 - 03:00,82,31,37,47,37,199,202,39,55,39,37,56,231,201,42,,,,,,
03:00 - 04:00,73,38,37,35,37,160,141,35,28,21,32,48,134,156,35,,,,,,
04:00 - 05:00,63,57,53,54,49,107,95,52,60,57,54,49,87,88,54,,,,,,
05:00 - 06:00,51,210,185,186,193,90,73,202,204,178,205,211,88,82,197,,,,,,
06:00 - 07:00,149,627,604,573,599,158,119,649,615,629,602,590,160,128,610,,,,,,
07:00 - 08:00,172,1,1,1,1,276,163,1,1,1,1,1,243,180,1,,,,,,
08:00 - 09:00,325,2,2,1,2,548,348,2,2,1,1,1,474,407,2,,,,,,
09:00 - 10:00,555,1,1,1,1,855,625,1,1,1,1,1,870,711,1,,,,,,
10:00 - 11:00,855,1,1,1,1,1,945,1,1,1,1,1,1,973,1,,,,,,
11:00 - 12:00,1,1,1,1,1,1,1,1,1,1,1,1,1,1,1,,,,,,
12:00 - 13:00,1,1,1,1,1,1,1,1,1,1,1,1,1,1,1,,,,,,
13:00 - 14:00,1,1,1,1,1,1,1,1,1,1,1,1,1,1,1,,,,,,
14:00 - 15:00,1,1,1,1,1,1,1,1,1,1,2,2,1,1,1,,,,,,
15:00 - 16:00,1,2,2,2,2,1,1,2,2,2,2,2,1,1,2,,,,,,
16:00 - 17:00,1,2,2,2,2,1,1,2,2,2,2,2,1,1,2,,,,,,
17:00 - 18:00,1,1,1,1,1,1,1,1,1,2,1,1,1,1,1,,,,,,
18:00 - 19:00,1,1,1,1,1,1,942,1,1,1,1,1,1,1,1,,,,,,
19:00 - 20:00,847,804,922,903,813,833,777,801,891,957,922,939,769,940,884,,,,,,
20:00 - 21:00,677,702,757,753,609,674,664,672,685,734,701,561,612,789,686,,,,,,
21:00 - 22:00,632,536,575,620,499,589,571,592,627,629,655,544,541,627,586,,,,,,
22:00 - 23:00,425,363,399,419,527,485,372,449,382,413,467,533,559,447,439,,,,,,
23:00 - 24:00,190,258,228,231,449,521,199,187,284,275,289,433,518,243,293,,,,,,
I alt,15,20,20,20,21,18,15,20,20,21,21,21,17,17,20,,,,,,
,,,,,,,,,,,,,,,,,,,,,
,,,,,,,,,,,,,,,,,,,,,
Mastra,,,TÆLLING : UGEOVERSIGT,,,,,,,,,,,,Udskr.,05.04.2022 12:06,,,,,
,,,Tidsinterval: 60min.,,,,,,,,,,,,,,,,,,
,,,,,,,,,,,,,,,,,,,,,
Målested,10133322,,"Jagtvej 163, 2100 Kbh. Ø",,,,,,,,,,,,,,,,,,
Bestyrer,101,,København,,,,,,,,,,,,,,,,,,
Vej,1013332-0,,Jagtvej,,,,,,,,,,,,,,,,,,
Lokalitet,2/280,,Jagtvej ud for nr. 163,,,,,,,,,,,,,,,,,,
RetningSpor,T,,Samlet trafik,,,,,,,,,,,,,,,,,,
Køretøjsart,MOTORKTJ,,Motorkøretøjer,,,,,,,,,,,,,,,,,,
Periode,19.04-02.05.2021,,(660-spln),,,,,,,,,,,,,,,,,,
Kommentar,,,AT33,,,,,,,,,,,,,,,,,,
,,,,,,,,,,,,,,,,,,,,,
,,,* markerede dage er helligdage,,,,,,,,,,,,,,,,,,
Ugenr.,16,,,,,,,17,,,,,,,Hverdag,,,,,,
Ugedag,Man,Tir,Ons,Tor,Fre,Lør,Søn,Man,Tir,Ons,Tor,Fre,Lør,Søn,gns.,,,,,,
Tid\Dato,19/04,20/04,21/04,22/04,23/04,24/04,25/04,26/04,27/04,28/04,29/04,*30/04,01/05,02/05,talt,,,,,,
00:00 - 01:00,106,115,137,198,147,406,386,121,115,137,152,322,369,386,136,,,,,,
01:00 - 02:00,71,73,77,91,98,313,287,56,63,83,89,230,241,283,78,,,,,,
02:00 - 03:00,46,55,58,59,52,226,188,42,52,49,60,144,191,207,53,,,,,,
03:00 - 04:00,28,31,48,52,58,167,143,23,43,43,44,97,141,155,41,,,,,,
04:00 - 05:00,56,56,59,63,72,128,103,62,61,59,58,102,82,124,61,,,,,,
05:00 - 06:00,201,195,211,217,193,96,61,223,209,177,218,86,99,76,205,,,,,,
06:00 - 07:00,660,627,649,641,637,136,107,670,616,650,639,171,172,124,643,,,,,,
07:00 - 08:00,1,1,1,1,1,268,194,1,1,1,1,271,247,199,1,,,,,,
08:00 - 09:00,1,2,2,2,1,530,403,2,1,2,2,517,453,364,2,,,,,,
09:00 - 10:00,1,1,1,1,1,909,730,1,1,1,1,858,821,623,1,,,,,,
10:00 - 11:00,1,1,1,1,1,1,1,1,1,1,1,1,1,915,1,,,,,,
11:00 - 12:00,1,1,1,1,1,1,1,1,1,1,1,1,1,1,1,,,,,,
12:00 - 13:00,1,1,1,1,1,1,1,1,1,1,1,1,1,1,1,,,,,,
13:00 - 14:00,1,1,1,1,1,1,1,1,1,1,1,1,1,1,1,,,,,,
14:00 - 15:00,1,1,1,1,2,1,1,1,1,1,2,1,1,1,1,,,,,,
15:00 - 16:00,1,2,2,2,2,1,1,2,2,2,2,1,1,1,2,,,,,,
16:00 - 17:00,2,2,2,2,1,1,1,1,2,2,2,1,1,1,2,,,,,,
17:00 - 18:00,1,1,1,1,1,1,1,1,1,2,2,1,1,1,1,,,,,,
18:00 - 19:00,1,1,1,1,1,1,1,1,1,1,1,1,1,1,1,,,,,,
19:00 - 20:00,905,953,927,976,847,794,901,907,949,960,991,751,779,866,935,,,,,,
20:00 - 21:00,698,799,720,777,663,594,785,688,791,806,730,638,707,783,741,,,,,,
21:00 - 22:00,649,647,722,686,572,585,696,564,669,717,667,514,592,630,655,,,,,,
22:00 - 23:00,390,491,512,552,570,631,514,440,505,515,656,570,622,458,515,,,,,,
23:00 - 24:00,214,269,321,348,534,507,238,250,296,307,501,516,517,240,338,,,,,,
I alt,20,20,21,21,21,17,17,20,21,21,22,16,17,16,21,,,,,,
,,,,,,,,,,,,,,,,,,,,,
,,,,,,,,,,,,,,,,,,,,,
Mastra,,,TÆLLING : UGEOVERSIGT,,,,,,,,,,,,Udskr.,05.04.2022 12:06,,,,,
,,,Tidsinterval: 60min.,,,,,,,,,,,,,,,,,,
,,,,,,,,,,,,,,,,,,,,,
Målested,10133322,,"Jagtvej 163, 2100 Kbh. Ø",,,,,,,,,,,,,,,,,,
Bestyrer,101,,København,,,,,,,,,,,,,,,,,,
Vej,1013332-0,,Jagtvej,,,,,,,,,,,,,,,,,,
Lokalitet,2/280,,Jagtvej ud for nr. 163,,,,,,,,,,,,,,,,,,
RetningSpor,T,,Samlet trafik,,,,,,,,,,,,,,,,,,
Køretøjsart,MOTORKTJ,,Motorkøretøjer,,,,,,,,,,,,,,,,,,
Periode,03.05-16.05.2021,,(660-spln),,,,,,,,,,,,,,,,,,
Kommentar,,,AT33,,,,,,,,,,,,,,,,,,
,,,,,,,,,,,,,,,,,,,,,
,,,* markerede dage er helligdage,,,,,,,,,,,,,,,,,,
Ugenr.,18,,,,,,,19,,,,,,,Hverdag,,,,,,
Ugedag,Man,Tir,Ons,Tor,Fre,Lør,Søn,Man,Tir,Ons,Tor,Fre,Lør,Søn,gns.,,,,,,
Tid\Dato,03/05,04/05,05/05,06/05,07/05,08/05,09/05,10/05,11/05,12/05,*13/05,14/05,15/05,16/05,talt,,,,,,
00:00 - 01:00,124,142,149,157,167,340,380,107,113,145,254,233,364,398,149,,,,,,
01:00 - 02:00,77,82,64,93,96,284,270,73,84,80,182,150,219,241,89,,,,,,
02:00 - 03:00,55,60,52,58,71,219,227,43,64,57,149,88,154,205,61,,,,,,
03:00 - 04:00,44,51,48,44,48,166,136,42,36,44,79,91,123,115,50,,,,,,
04:00 - 05:00,67,65,68,57,69,113,117,61,64,77,80,82,97,102,68,,,,,,
05:00 - 06:00,202,203,192,206,218,92,95,179,199,193,76,126,91,65,191,,,,,,
06:00 - 07:00,602,610,645,580,635,167,108,670,628,600,185,295,145,117,585,,,,,,
07:00 - 08:00,1,1,1,1,1,290,209,1,1,1,280,521,223,188,1,,,,,,
08:00 - 09:00,2,2,2,2,1,511,367,2,2,1,466,746,396,324,1,,,,,,
09:00 - 10:00,1,1,1,1,1,821,731,1,1,1,850,926,770,616,1,,,,,,
10:00 - 11:00,1,1,1,1,1,1,1,1,1,1,966,1,878,824,1,,,,,,
11:00 - 12:00,1,1,1,1,1,1,1,1,1,1,1,1,1,1,1,,,,,,
12:00 - 13:00,1,1,1,1,1,1,1,1,1,1,1,1,1,1,1,,,,,,
13:00 - 14:00,1,1,1,1,1,1,1,1,1,1,1,1,1,1,1,,,,,,
14:00 - 15:00,1,1,1,1,1,1,1,1,1,1,1,1,1,1,1,,,,,,
15:00 - 16:00,2,2,2,2,2,1,1,2,2,2,1,1,1,1,2,,,,,,
16:00 - 17:00,2,2,2,2,2,1,1,1,1,2,998,1,1,1,2,,,,,,
17:00 - 18:00,1,2,2,1,1,1,1,1,1,1,1,1,1,1,1,,,,,,
18:00 - 19:00,1,1,1,1,1,976,1,998,1,1,919,1,956,1,1,,,,,,
19:00 - 20:00,842,897,1,990,845,789,988,860,891,910,735,795,736,904,895,,,,,,
20:00 - 21:00,727,707,829,836,682,694,880,737,814,775,700,679,659,810,754,,,,,,
21:00 - 22:00,753,582,647,665,584,545,713,633,633,616,648,643,594,658,640,,,,,,
22:00 - 23:00,429,472,555,537,611,578,450,431,525,552,530,584,557,494,522,,,,,,
23:00 - 24:00,243,319,347,341,552,601,269,246,279,397,381,465,490,249,354,,,,,,
I alt,20,20,22,21,21,17,17,19,20,21,15,18,15,16,20,,,,,,
,,,,,,,,,,,,,,,,,,,,,
,,,,,,,,,,,,,,,,,,,,,
Mastra,,,TÆLLING : UGEOVERSIGT,,,,,,,,,,,,Udskr.,05.04.2022 12:06,,,,,
,,,Tidsinterval: 60min.,,,,,,,,,,,,,,,,,,
,,,,,,,,,,,,,,,,,,,,,
Målested,10133322,,"Jagtvej 163, 2100 Kbh. Ø",,,,,,,,,,,,,,,,,,
Bestyrer,101,,København,,,,,,,,,,,,,,,,,,
Vej,1013332-0,,Jagtvej,,,,,,,,,,,,,,,,,,
Lokalitet,2/280,,Jagtvej ud for nr. 163,,,,,,,,,,,,,,,,,,
RetningSpor,T,,Samlet trafik,,,,,,,,,,,,,,,,,,
Køretøjsart,MOTORKTJ,,Motorkøretøjer,,,,,,,,,,,,,,,,,,
Periode,17.05-30.05.2021,,(660-spln),,,,,,,,,,,,,,,,,,
Kommentar,,,AT33,,,,,,,,,,,,,,,,,,
,,,,,,,,,,,,,,,,,,,,,
,,,* markerede dage er helligdage,,,,,,,,,,,,,,,,,,
Ugenr.,20,,,,,,,21,,,,,,,Hverdag,,,,,,
Ugedag,Man,Tir,Ons,Tor,Fre,Lør,Søn,Man,Tir,Ons,Tor,Fre,Lør,Søn,gns.,,,,,,
Tid\Dato,17/05,18/05,19/05,20/05,21/05,*22/05,*23/05,*24/05,25/05,26/05,27/05,28/05,29/05,30/05,talt,,,,,,
00:00 - 01:00,123,130,119,154,168,357,329,241,114,104,134,166,367,425,135,,,,,,
01:00 - 02:00,64,75,71,89,89,240,289,131,51,66,62,75,218,279,71,,,,,,
02:00 - 03:00,32,44,53,47,61,182,148,86,35,52,48,48,182,247,47,,,,,,
03:00 - 04:00,34,38,46,52,51,140,136,57,47,47,44,44,156,151,45,,,,,,
04:00 - 05:00,61,63,74,89,61,83,86,52,69,69,58,69,102,115,68,,,,,,
05:00 - 06:00,188,207,220,224,235,90,54,76,247,226,248,243,84,83,226,,,,,,
06:00 - 07:00,641,640,732,783,712,150,121,163,763,821,766,746,160,132,734,,,,,,
07:00 - 08:00,1,1,1,1,1,275,186,240,1,1,1,1,276,214,1,,,,,,
08:00 - 09:00,1,1,1,1,2,470,306,446,2,2,2,1,555,365,1,,,,,,
09:00 - 10:00,1,1,1,1,1,890,588,645,1,1,1,1,890,848,1,,,,,,
10:00 - 11:00,1,1,1,1,1,1,818,922,1,1,1,1,1,960,1,,,,,,
11:00 - 12:00,1,1,1,1,1,1,1,1,1,1,1,1,1,1,1,,,,,,
12:00 - 13:00,1,1,1,1,1,1,1,1,1,1,1,1,1,1,1,,,,,,
13:00 - 14:00,1,1,1,1,1,1,1,1,1,1,1,1,1,1,1,,,,,,
14:00 - 15:00,1,1,1,1,2,1,1,1,1,1,1,2,1,1,1,,,,,,
15:00 - 16:00,1,2,2,2,2,1,1,1,2,2,2,2,1,1,2,,,,,,
16:00 - 17:00,1,2,2,2,1,1,998,1,2,2,2,2,1,1,2,,,,,,
17:00 - 18:00,1,1,1,1,1,1,1,1,2,2,1,1,1,1,1,,,,,,
18:00 - 19:00,1,1,1,1,1,953,949,1,1,1,1,1,987,1,1,,,,,,
19:00 - 20:00,843,885,1,989,910,723,693,856,858,964,941,788,767,999,912,,,,,,
20:00 - 21:00,743,782,758,793,615,636,685,851,790,800,793,704,709,882,753,,,,,,
21:00 - 22:00,657,723,677,713,570,574,618,708,670,717,735,654,615,758,680,,,,,,
22:00 - 23:00,527,570,781,577,638,555,584,429,489,544,617,600,565,530,594,,,,,,
23:00 - 24:00,258,310,386,339,557,539,377,240,277,333,371,538,653,264,374,,,,,,
I alt,19,20,21,21,21,16,15,15,21,22,21,21,17,17,21,,,,,,
,,,,,,,,,,,,,,,,,,,,,
,,,,,,,,,,,,,,,,,,,,,
Mastra,,,TÆLLING : UGEOVERSIGT,,,,,,,,,,,,Udskr.,05.04.2022 12:06,,,,,
,,,Tidsinterval: 60min.,,,,,,,,,,,,,,,,,,
,,,,,,,,,,,,,,,,,,,,,
Målested,10133322,,"Jagtvej 163, 2100 Kbh. Ø",,,,,,,,,,,,,,,,,,
Bestyrer,101,,København,,,,,,,,,,,,,,,,,,
Vej,1013332-0,,Jagtvej,,,,,,,,,,,,,,,,,,
Lokalitet,2/280,,Jagtvej ud for nr. 163,,,,,,,,,,,,,,,,,,
RetningSpor,T,,Samlet trafik,,,,,,,,,,,,,,,,,,
Køretøjsart,MOTORKTJ,,Motorkøretøjer,,,,,,,,,,,,,,,,,,
Periode,31.05-13.06.2021,,(660-spln),,,,,,,,,,,,,,,,,,
Kommentar,,,AT33,,,,,,,,,,,,,,,,,,
,,,,,,,,,,,,,,,,,,,,,
,,,* markerede dage er helligdage,,,,,,,,,,,,,,,,,,
Ugenr.,22,,,,,,,23,,,,,,,Hverdag,,,,,,
Ugedag,Man,Tir,Ons,Tor,Fre,Lør,Søn,Man,Tir,Ons,Tor,Fre,Lør,Søn,gns.,,,,,,
Tid\Dato,31/05,01/06,02/06,03/06,04/06,*05/06,06/06,07/06,08/06,09/06,10/06,11/06,12/06,13/06,talt,,,,,,
00:00 - 01:00,149,125,159,184,171,379,408,110,116,141,165,182,378,376,150,,,,,,
01:00 - 02:00,59,75,94,94,98,240,238,61,67,73,78,125,230,306,82,,,,,,
02:00 - 03:00,35,55,55,50,74,174,198,45,42,48,44,44,154,216,49,,,,,,
03:00 - 04:00,51,45,56,51,56,175,160,44,57,45,45,63,110,169,51,,,,,,
04:00 - 05:00,63,63,73,74,84,93,95,73,54,66,46,68,88,120,66,,,,,,
05:00 - 06:00,245,248,243,197,220,73,82,228,208,225,231,202,91,75,225,,,,,,
06:00 - 07:00,725,686,694,664,671,145,128,690,646,676,590,634,154,132,668,,,,,,
07:00 - 08:00,1,1,1,1,1,270,222,1,1,1,1,1,294,198,1,,,,,,
08:00 - 09:00,1,1,2,1,1,497,402,1,1,1,1,1,439,372,1,,,,,,
09:00 - 10:00,1,1,1,1,1,837,744,1,1,1,1,1,834,659,1,,,,,,
10:00 - 11:00,1,1,1,1,1,1,982,1,1,1,1,1,994,871,1,,,,,,
11:00 - 12:00,1,1,1,1,1,1,1,1,1,1,1,1,1,1,1,,,,,,
12:00 - 13:00,1,1,1,1,1,1,1,1,1,1,1,1,1,1,1,,,,,,
13:00 - 14:00,1,1,1,1,1,1,1,1,1,1,1,1,1,1,1,,,,,,
14:00 - 15:00,1,1,1,1,2,1,1,1,1,1,1,1,1,1,1,,,,,,
15:00 - 16:00,2,2,2,2,2,1,1,1,2,2,1,1,1,1,2,,,,,,
16:00 - 17:00,1,2,2,2,1,1,1,1,1,2,1,1,1,1,1,,,,,,
17:00 - 18:00,1,1,1,1,1,1,1,1,1,1,1,1,1,1,1,,,,,,
18:00 - 19:00,1,1,1,1,1,961,1,1,1,1,1,1,592,920,1,,,,,,
19:00 - 20:00,982,887,948,952,757,814,967,797,882,855,796,729,564,773,859,,,,,,
20:00 - 21:00,843,750,798,806,658,733,951,732,873,778,717,694,527,784,765,,,,,,
21:00 - 22:00,729,743,759,730,618,705,837,658,800,768,755,573,637,650,713,,,,,,
22:00 - 23:00,522,526,529,676,652,657,567,516,636,636,579,566,782,468,584,,,,,,
23:00 - 24:00,319,342,358,347,589,548,269,274,382,356,382,563,572,261,391,,,,,,
I alt,20,21,21,21,21,17,17,19,21,20,19,20,15,15,20,,,,,,
,,,,,,,,,,,,,,,,,,,,,
,,,,,,,,,,,,,,,,,,,,,
Mastra,,,TÆLLING : UGEOVERSIGT,,,,,,,,,,,,Udskr.,05.04.2022 12:06,,,,,
,,,Tidsinterval: 60min.,,,,,,,,,,,,,,,,,,
,,,,,,,,,,,,,,,,,,,,,
Målested,10133322,,"Jagtvej 163, 2100 Kbh. Ø",,,,,,,,,,,,,,,,,,
Bestyrer,101,,København,,,,,,,,,,,,,,,,,,
Vej,1013332-0,,Jagtvej,,,,,,,,,,,,,,,,,,
Lokalitet,2/280,,Jagtvej ud for nr. 163,,,,,,,,,,,,,,,,,,
RetningSpor,T,,Samlet trafik,,,,,,,,,,,,,,,,,,
Køretøjsart,MOTORKTJ,,Motorkøretøjer,,,,,,,,,,,,,,,,,,
Periode,14.06-27.06.2021,,(660-spln),,,,,,,,,,,,,,,,,,
Kommentar,,,AT33,,,,,,,,,,,,,,,,,,
,,,,,,,,,,,,,,,,,,,,,
,,,* markerede dage er helligdage,,,,,,,,,,,,,,,,,,
Ugenr.,24,,,,,,,25,,,,,,,Hverdag,,,,,,
Ugedag,Man,Tir,Ons,Tor,Fre,Lør,Søn,Man,Tir,Ons,Tor,Fre,Lør,Søn,gns.,,,,,,
Tid\Dato,14/06,15/06,16/06,17/06,18/06,19/06,20/06,21/06,22/06,23/06,24/06,25/06,26/06,27/06,talt,,,,,,
00:00 - 01:00,130,136,167,168,193,398,399,122,324,154,261,203,398,356,186,,,,,,
01:00 - 02:00,44,39,69,73,126,253,289,62,159,95,107,122,237,243,90,,,,,,
02:00 - 03:00,31,43,50,46,90,173,212,41,98,61,89,77,196,216,63,,,,,,
03:00 - 04:00,40,43,40,53,61,160,164,40,71,50,67,60,161,163,53,,,,,,
04:00 - 05:00,50,51,67,63,55,98,123,60,73,64,63,66,102,113,61,,,,,,
05:00 - 06:00,198,234,204,237,209,81,79,231,229,208,211,201,82,97,216,,,,,,
06:00 - 07:00,657,702,667,732,668,152,145,765,689,670,658,634,155,148,684,,,,,,
07:00 - 08:00,1,1,1,1,1,262,224,1,1,1,1,1,259,195,1,,,,,,
08:00 - 09:00,1,1,1,1,1,570,396,2,1,1,1,1,482,347,1,,,,,,
09:00 - 10:00,1,1,1,1,1,878,787,1,1,1,1,1,854,645,1,,,,,,
10:00 - 11:00,1,1,1,1,1,1,894,1,1,1,1,1,1,831,1,,,,,,
11:00 - 12:00,1,1,1,1,1,1,1,1,1,1,1,1,1,1,1,,,,,,
12:00 - 13:00,1,1,1,1,1,1,1,1,1,1,1,1,1,1,1,,,,,,
13:00 - 14:00,1,1,1,1,1,1,1,1,1,1,1,1,1,1,1,,,,,,
14:00 - 15:00,1,1,1,2,2,1,1,2,1,1,1,1,1,1,1,,,,,,
15:00 - 16:00,1,2,1,2,2,1,1,2,2,2,2,1,1,1,2,,,,,,
16:00 - 17:00,1,2,2,2,1,1,1,2,2,2,2,1,1,1,2,,,,,,
17:00 - 18:00,1,1,1,1,1,1,1,1,1,1,1,1,1,1,1,,,,,,
18:00 - 19:00,982,1,1,811,1,920,973,1,1,1,1,1,539,953,1,,,,,,
19:00 - 20:00,788,749,888,602,700,733,858,987,835,711,941,786,390,845,799,,,,,,
20:00 - 21:00,685,724,826,1,712,657,841,736,858,703,863,653,613,850,786,,,,,,
21:00 - 22:00,583,642,762,857,696,667,715,459,805,659,860,724,547,618,705,,,,,,
22:00 - 23:00,413,552,597,672,684,617,577,467,600,624,650,624,487,482,588,,,,,,
23:00 - 24:00,241,375,373,424,590,563,261,868,392,606,389,533,422,350,479,,,,,,
I alt,19,20,20,21,21,16,16,21,21,21,21,20,15,15,21,,,,,,
,,,,,,,,,,,,,,,,,,,,,
,,,,,,,,,,,,,,,,,,,,,
Mastra,,,TÆLLING : UGEOVERSIGT,,,,,,,,,,,,Udskr.,05.04.2022 12:06,,,,,
,,,Tidsinterval: 60min.,,,,,,,,,,,,,,,,,,
,,,,,,,,,,,,,,,,,,,,,
Målested,10133322,,"Jagtvej 163, 2100 Kbh. Ø",,,,,,,,,,,,,,,,,,
Bestyrer,101,,København,,,,,,,,,,,,,,,,,,
Vej,1013332-0,,Jagtvej,,,,,,,,,,,,,,,,,,
Lokalitet,2/280,,Jagtvej ud for nr. 163,,,,,,,,,,,,,,,,,,
RetningSpor,T,,Samlet trafik,,,,,,,,,,,,,,,,,,
Køretøjsart,MOTORKTJ,,Motorkøretøjer,,,,,,,,,,,,,,,,,,
Periode,28.06-11.07.2021,,(660-spln),,,,,,,,,,,,,,,,,,
Kommentar,,,AT33,,,,,,,,,,,,,,,,,,
,,,,,,,,,,,,,,,,,,,,,
,,,* markerede dage er helligdage,,,,,,,,,,,,,,,,,,
Ugenr.,26,,,,,,,27,,,,,,,Hverdag,,,,,,
Ugedag,Man,Tir,Ons,Tor,Fre,Lør,Søn,Man,Tir,Ons,Tor,Fre,Lør,Søn,gns.,,,,,,
Tid\Dato,28/06,29/06,30/06,01/07,02/07,03/07,04/07,05/07,06/07,07/07,08/07,09/07,10/07,11/07,talt,,,,,,
00:00 - 01:00,129,182,177,191,150,372,291,168,136,208,510,175,246,280,203,,,,,,
01:00 - 02:00,67,95,91,121,86,193,213,62,72,108,189,80,174,209,97,,,,,,
02:00 - 03:00,50,65,68,75,81,165,193,61,46,73,134,62,165,159,72,,,,,,
03:00 - 04:00,53,53,44,68,57,129,181,48,52,42,106,39,122,119,56,,,,,,
04:00 - 05:00,61,68,67,55,84,71,94,54,54,65,96,50,66,100,65,,,,,,
05:00 - 06:00,239,211,200,214,179,80,77,201,187,190,185,198,77,91,200,,,,,,
06:00 - 07:00,707,669,687,667,644,135,120,577,595,615,513,534,154,100,621,,,,,,
07:00 - 08:00,1,1,1,1,1,273,161,1,1,991,934,871,261,170,1,,,,,,
08:00 - 09:00,1,1,1,1,1,401,273,1,1,1,1,1,362,274,1,,,,,,
09:00 - 10:00,1,1,1,1,1,721,531,1,1,1,1,1,645,533,1,,,,,,
10:00 - 11:00,1,1,1,1,1,894,724,1,1,1,1,980,822,754,1,,,,,,
11:00 - 12:00,1,1,1,1,1,1,988,1,1,1,1,1,990,878,1,,,,,,
12:00 - 13:00,1,1,1,1,1,1,1,1,1,1,1,1,1,1,1,,,,,,
13:00 - 14:00,1,1,1,1,1,1,1,1,1,1,1,1,1,975,1,,,,,,
14:00 - 15:00,1,1,1,1,1,960,1,1,1,1,1,1,1,1,1,,,,,,
15:00 - 16:00,2,1,2,2,2,1,1,1,1,1,1,1,1,1,1,,,,,,
16:00 - 17:00,1,2,2,2,1,1,1,1,1,1,1,1,895,911,1,,,,,,
17:00 - 18:00,1,1,1,1,1,942,1,1,1,1,1,1,890,916,1,,,,,,
18:00 - 19:00,1,1,1,1,936,485,948,941,1,915,925,877,745,886,1,,,,,,
19:00 - 20:00,834,815,866,716,703,293,811,701,785,652,643,645,580,784,736,,,,,,
20:00 - 21:00,822,770,772,663,647,504,792,670,705,597,530,598,549,676,677,,,,,,
21:00 - 22:00,911,726,763,579,609,487,630,652,574,307,564,563,508,419,625,,,,,,
22:00 - 23:00,583,549,576,482,470,482,541,462,494,206,484,489,483,323,480,,,,,,
23:00 - 24:00,315,370,392,350,532,479,338,311,349,337,359,393,431,241,371,,,,,,
I alt,21,20,21,20,20,13,14,18,18,17,18,17,13,13,19,,,,,,
,,,,,,,,,,,,,,,,,,,,,
,,,,,,,,,,,,,,,,,,,,,
Mastra,,,TÆLLING : UGEOVERSIGT,,,,,,,,,,,,Udskr.,05.04.2022 12:06,,,,,
,,,Tidsinterval: 60min.,,,,,,,,,,,,,,,,,,
,,,,,,,,,,,,,,,,,,,,,
Målested,10133322,,"Jagtvej 163, 2100 Kbh. Ø",,,,,,,,,,,,,,,,,,
Bestyrer,101,,København,,,,,,,,,,,,,,,,,,
Vej,1013332-0,,Jagtvej,,,,,,,,,,,,,,,,,,
Lokalitet,2/280,,Jagtvej ud for nr. 163,,,,,,,,,,,,,,,,,,
RetningSpor,T,,Samlet trafik,,,,,,,,,,,,,,,,,,
Køretøjsart,MOTORKTJ,,Motorkøretøjer,,,,,,,,,,,,,,,,,,
Periode,12.07-25.07.2021,,(660-spln),,,,,,,,,,,,,,,,,,
Kommentar,,,AT33,,,,,,,,,,,,,,,,,,
,,,,,,,,,,,,,,,,,,,,,
,,,* markerede dage er helligdage,,,,,,,,,,,,,,,,,,
Ugenr.,28,,,,,,,29,,,,,,,Hverdag,,,,,,
Ugedag,Man,Tir,Ons,Tor,Fre,Lør,Søn,Man,Tir,Ons,Tor,Fre,Lør,Søn,gns.,,,,,,
Tid\Dato,12/07,13/07,14/07,15/07,16/07,17/07,18/07,19/07,20/07,21/07,22/07,23/07,24/07,25/07,talt,,,,,,
00:00 - 01:00,410,134,131,161,159,217,234,146,158,184,172,159,242,239,181,,,,,,
01:00 - 02:00,100,71,89,90,88,153,199,85,105,94,105,112,121,138,94,,,,,,
02:00 - 03:00,58,62,44,50,68,123,141,41,53,48,66,81,101,124,57,,,,,,
03:00 - 04:00,48,57,42,58,60,102,114,51,37,44,48,59,80,99,50,,,,,,
04:00 - 05:00,56,63,58,53,68,86,99,63,54,64,61,67,66,73,61,,,,,,
05:00 - 06:00,168,174,165,160,158,77,81,155,153,161,142,163,71,57,160,,,,,,
06:00 - 07:00,495,539,528,504,527,126,107,413,446,473,459,435,124,101,482,,,,,,
07:00 - 08:00,884,819,792,825,691,225,176,736,712,702,741,666,203,146,757,,,,,,
08:00 - 09:00,961,910,973,960,898,399,256,763,782,793,741,782,322,276,856,,,,,,
09:00 - 10:00,949,954,994,1,897,616,463,873,854,919,902,832,562,426,920,,,,,,
10:00 - 11:00,1,1,1,1,984,803,614,944,987,945,910,942,821,601,981,,,,,,
11:00 - 12:00,1,1,1,1,1,940,767,952,949,988,964,990,888,821,1,,,,,,
12:00 - 13:00,1,1,1,1,1,976,888,968,1,979,974,1,956,928,1,,,,,,
13:00 - 14:00,1,1,994,1,1,922,867,956,964,1,1,1,849,897,1,,,,,,
14:00 - 15:00,1,1,1,1,1,880,1,1,1,1,1,1,879,981,1,,,,,,
15:00 - 16:00,1,1,1,1,1,822,941,1,1,1,1,1,801,982,1,,,,,,
16:00 - 17:00,1,1,1,1,1,844,827,1,1,1,1,1,777,903,1,,,,,,
17:00 - 18:00,1,1,1,1,979,829,844,965,985,913,1,951,825,837,1,,,,,,
18:00 - 19:00,867,880,892,944,868,776,907,723,804,804,854,806,740,974,844,,,,,,
19:00 - 20:00,733,681,799,786,616,655,701,646,668,649,614,623,593,703,682,,,,,,
20:00 - 21:00,608,642,680,705,605,593,667,587,613,709,588,608,557,669,635,,,,,,
21:00 - 22:00,534,593,640,597,557,599,598,557,614,525,690,518,539,576,583,,,,,,
22:00 - 23:00,423,489,553,600,502,531,460,416,456,453,509,459,462,439,486,,,,,,
23:00 - 24:00,243,311,320,310,383,358,246,256,284,261,290,296,332,225,295,,,,,,
I alt,16,16,16,17,16,13,12,15,15,15,15,15,12,12,16,,,,,,
,,,,,,,,,,,,,,,,,,,,,
,,,,,,,,,,,,,,,,,,,,,
Mastra,,,TÆLLING : UGEOVERSIGT,,,,,,,,,,,,Udskr.,05.04.2022 12:06,,,,,
,,,Tidsinterval: 60min.,,,,,,,,,,,,,,,,,,
,,,,,,,,,,,,,,,,,,,,,
Målested,10133322,,"Jagtvej 163, 2100 Kbh. Ø",,,,,,,,,,,,,,,,,,
Bestyrer,101,,København,,,,,,,,,,,,,,,,,,
Vej,1013332-0,,Jagtvej,,,,,,,,,,,,,,,,,,
Lokalitet,2/280,,Jagtvej ud for nr. 163,,,,,,,,,,,,,,,,,,
RetningSpor,T,,Samlet trafik,,,,,,,,,,,,,,,,,,
Køretøjsart,MOTORKTJ,,Motorkøretøjer,,,,,,,,,,,,,,,,,,
Periode,26.07-08.08.2021,,(660-spln),,,,,,,,,,,,,,,,,,
Kommentar,,,AT33,,,,,,,,,,,,,,,,,,
,,,,,,,,,,,,,,,,,,,,,
,,,* markerede dage er helligdage,,,,,,,,,,,,,,,,,,
Ugenr.,30,,,,,,,31,,,,,,,Hverdag,,,,,,
Ugedag,Man,Tir,Ons,Tor,Fre,Lør,Søn,Man,Tir,Ons,Tor,Fre,Lør,Søn,gns.,,,,,,
Tid\Dato,26/07,27/07,28/07,29/07,30/07,31/07,01/08,02/08,03/08,04/08,05/08,06/08,07/08,08/08,talt,,,,,,
00:00 - 01:00,117,129,121,107,158,253,289,160,163,186,177,211,337,341,153,,,,,,
01:00 - 02:00,64,70,66,75,87,142,197,85,82,92,112,117,216,260,85,,,,,,
02:00 - 03:00,35,64,43,51,76,132,146,70,50,49,61,65,180,212,56,,,,,,
03:00 - 04:00,33,48,45,41,59,77,113,53,54,55,54,63,116,195,51,,,,,,
04:00 - 05:00,62,52,57,65,65,68,104,60,55,51,73,73,85,96,61,,,,,,
05:00 - 06:00,132,150,145,138,169,81,84,172,150,160,155,197,76,96,157,,,,,,
06:00 - 07:00,426,459,449,418,417,133,132,471,519,465,484,489,155,136,460,,,,,,
07:00 - 08:00,715,696,751,713,672,223,178,934,932,893,947,923,246,217,818,,,,,,
08:00 - 09:00,820,833,872,816,852,366,312,1,1,1,1,1,438,372,1,,,,,,
09:00 - 10:00,840,833,897,880,891,628,585,1,1,1,1,1,852,717,966,,,,,,
10:00 - 11:00,939,944,952,981,1,803,796,1,1,1,1,1,1,1,1,,,,,,
11:00 - 12:00,943,963,1,1,1,1,977,1,1,1,1,1,1,1,1,,,,,,
12:00 - 13:00,1,983,1,1,1,1,1,1,1,1,1,1,1,1,1,,,,,,
13:00 - 14:00,986,1,1,1,1,1,1,1,1,1,1,1,1,1,1,,,,,,
14:00 - 15:00,1,1,1,1,1,997,1,1,1,1,1,1,1,1,1,,,,,,
15:00 - 16:00,1,1,1,1,1,976,1,1,1,1,1,2,1,1,1,,,,,,
16:00 - 17:00,1,1,1,1,1,929,1,1,1,1,1,1,1,1,1,,,,,,
17:00 - 18:00,941,902,1,1,1,976,1,1,1,1,1,1,1,1,1,,,,,,
18:00 - 19:00,765,861,835,886,886,801,896,885,946,921,1,973,1,1,897,,,,,,
19:00 - 20:00,641,716,732,674,694,603,771,731,668,765,837,741,767,920,720,,,,,,
20:00 - 21:00,569,651,629,643,655,576,715,605,763,752,821,680,780,765,677,,,,,,
21:00 - 22:00,511,590,570,576,528,523,581,573,656,666,792,683,652,679,615,,,,,,
22:00 - 23:00,373,423,455,450,483,547,532,449,572,558,604,625,601,414,499,,,,,,
23:00 - 24:00,245,249,300,273,396,389,263,268,318,315,351,439,436,256,315,,,,,,
I alt,15,15,16,16,16,13,14,17,18,18,18,19,16,16,17,,,,,,
,,,,,,,,,,,,,,,,,,,,,
,,,,,,,,,,,,,,,,,,,,,
Mastra,,,TÆLLING : UGEOVERSIGT,,,,,,,,,,,,Udskr.,05.04.2022 12:06,,,,,
,,,Tidsinterval: 60min.,,,,,,,,,,,,,,,,,,
,,,,,,,,,,,,,,,,,,,,,
Målested,10133322,,"Jagtvej 163, 2100 Kbh. Ø",,,,,,,,,,,,,,,,,,
Bestyrer,101,,København,,,,,,,,,,,,,,,,,,
Vej,1013332-0,,Jagtvej,,,,,,,,,,,,,,,,,,
Lokalitet,2/280,,Jagtvej ud for nr. 163,,,,,,,,,,,,,,,,,,
RetningSpor,T,,Samlet trafik,,,,,,,,,,,,,,,,,,
Køretøjsart,MOTORKTJ,,Motorkøretøjer,,,,,,,,,,,,,,,,,,
Periode,09.08-22.08.2021,,(660-spln),,,,,,,,,,,,,,,,,,
Kommentar,,,AT33,,,,,,,,,,,,,,,,,,
,,,,,,,,,,,,,,,,,,,,,
,,,* markerede dage er helligdage,,,,,,,,,,,,,,,,,,
Ugenr.,32,,,,,,,33,,,,,,,Hverdag,,,,,,
Ugedag,Man,Tir,Ons,Tor,Fre,Lør,Søn,Man,Tir,Ons,Tor,Fre,Lør,Søn,gns.,,,,,,
Tid\Dato,09/08,10/08,11/08,12/08,13/08,14/08,15/08,16/08,17/08,18/08,19/08,20/08,21/08,22/08,talt,,,,,,
00:00 - 01:00,100,104,100,150,153,321,358,112,100,124,134,133,382,438,121,,,,,,
01:00 - 02:00,70,50,63,80,92,213,291,63,76,48,67,78,248,280,69,,,,,,
02:00 - 03:00,49,36,51,49,74,193,258,40,43,45,46,59,217,248,49,,,,,,
03:00 - 04:00,58,32,47,54,63,136,181,46,48,42,49,73,144,160,51,,,,,,
04:00 - 05:00,55,51,53,52,69,86,115,63,47,67,64,66,120,123,59,,,,,,
05:00 - 06:00,164,198,177,177,188,71,93,174,214,188,207,194,87,115,188,,,,,,
06:00 - 07:00,572,573,584,535,521,158,136,622,622,665,618,607,148,151,592,,,,,,
07:00 - 08:00,1,1,1,1,1,261,194,1,1,1,1,1,265,239,1,,,,,,
08:00 - 09:00,1,1,1,1,1,456,338,2,2,1,1,1,516,380,1,,,,,,
09:00 - 10:00,1,1,1,1,1,772,711,1,1,1,1,1,837,668,1,,,,,,
10:00 - 11:00,1,1,1,1,1,1,950,1,1,1,1,1,1,960,1,,,,,,
11:00 - 12:00,1,1,1,1,1,1,1,1,1,1,1,1,1,1,1,,,,,,
12:00 - 13:00,1,1,1,1,1,1,1,1,1,1,1,1,1,1,1,,,,,,
13:00 - 14:00,1,1,1,1,1,1,1,1,1,1,1,1,1,1,1,,,,,,
14:00 - 15:00,1,1,1,1,1,1,1,1,1,1,1,1,934,1,1,,,,,,
15:00 - 16:00,1,2,1,2,2,1,1,2,2,2,1,2,943,1,2,,,,,,
16:00 - 17:00,1,2,2,1,1,952,1,2,2,2,2,2,1,1,2,,,,,,
17:00 - 18:00,1,1,1,1,1,985,1,1,1,2,1,1,1,1,1,,,,,,
18:00 - 19:00,992,1,1,1,1,951,1,1,1,1,1,1,945,1,1,,,,,,
19:00 - 20:00,754,770,805,924,766,718,895,824,1,858,919,861,833,950,854,,,,,,
20:00 - 21:00,675,723,740,645,698,663,804,796,791,766,829,705,727,867,737,,,,,,
21:00 - 22:00,581,652,698,693,635,643,625,708,781,748,798,725,694,676,702,,,,,,
22:00 - 23:00,432,507,533,765,538,553,416,456,626,519,690,597,667,443,566,,,,,,
23:00 - 24:00,232,255,247,295,466,495,252,210,335,252,277,458,519,193,303,,,,,,
I alt,18,19,19,20,19,15,16,20,21,21,20,20,16,16,20,,,,,,
,,,,,,,,,,,,,,,,,,,,,
,,,,,,,,,,,,,,,,,,,,,
Mastra,,,TÆLLING : UGEOVERSIGT,,,,,,,,,,,,Udskr.,05.04.2022 12:06,,,,,
,,,Tidsinterval: 60min.,,,,,,,,,,,,,,,,,,
,,,,,,,,,,,,,,,,,,,,,
Målested,10133322,,"Jagtvej 163, 2100 Kbh. Ø",,,,,,,,,,,,,,,,,,
Bestyrer,101,,København,,,,,,,,,,,,,,,,,,
Vej,1013332-0,,Jagtvej,,,,,,,,,,,,,,,,,,
Lokalitet,2/280,,Jagtvej ud for nr. 163,,,,,,,,,,,,,,,,,,
RetningSpor,T,,Samlet trafik,,,,,,,,,,,,,,,,,,
Køretøjsart,MOTORKTJ,,Motorkøretøjer,,,,,,,,,,,,,,,,,,
Periode,23.08-05.09.2021,,(660-spln),,,,,,,,,,,,,,,,,,
Kommentar,,,AT33,,,,,,,,,,,,,,,,,,
,,,,,,,,,,,,,,,,,,,,,
,,,* markerede dage er helligdage,,,,,,,,,,,,,,,,,,
Ugenr.,34,,,,,,,35,,,,,,,Hverdag,,,,,,
Ugedag,Man,Tir,Ons,Tor,Fre,Lør,Søn,Man,Tir,Ons,Tor,Fre,Lør,Søn,gns.,,,,,,
Tid\Dato,23/08,24/08,25/08,26/08,27/08,28/08,29/08,30/08,31/08,01/09,02/09,03/09,04/09,05/09,talt,,,,,,
00:00 - 01:00,112,89,96,156,152,347,358,91,97,103,157,105,355,395,116,,,,,,
01:00 - 02:00,58,67,71,73,83,266,279,46,63,67,72,63,214,255,66,,,,,,
02:00 - 03:00,43,36,39,43,63,183,226,45,46,40,56,47,166,180,46,,,,,,
03:00 - 04:00,32,39,46,45,46,117,197,42,48,55,53,58,103,156,46,,,,,,
04:00 - 05:00,55,52,50,49,62,88,125,56,51,64,76,57,109,97,57,,,,,,
05:00 - 06:00,190,206,195,182,172,78,89,194,209,224,232,211,112,109,202,,,,,,
06:00 - 07:00,631,632,647,661,647,174,109,689,699,721,679,681,208,130,669,,,,,,
07:00 - 08:00,1,1,1,1,1,298,213,1,1,1,1,1,310,244,1,,,,,,
08:00 - 09:00,1,1,1,1,1,554,405,1,1,1,1,1,598,428,1,,,,,,
09:00 - 10:00,1,1,1,1,1,881,787,1,1,1,1,1,950,723,1,,,,,,
10:00 - 11:00,1,1,1,1,1,1,1,1,1,1,1,1,1,977,1,,,,,,
11:00 - 12:00,1,1,1,1,1,1,1,1,1,1,1,1,1,1,1,,,,,,
12:00 - 13:00,1,1,1,1,1,1,1,1,1,1,1,1,1,1,1,,,,,,
13:00 - 14:00,1,1,1,1,1,1,1,1,1,1,1,1,1,1,1,,,,,,
14:00 - 15:00,1,1,2,1,2,1,1,1,1,1,1,2,1,1,1,,,,,,
15:00 - 16:00,2,2,2,2,2,1,1,2,2,2,2,2,1,1,2,,,,,,
16:00 - 17:00,2,2,2,2,1,1,1,2,2,2,2,1,1,1,2,,,,,,
17:00 - 18:00,1,1,1,1,1,1,1,1,1,2,1,1,1,1,1,,,,,,
18:00 - 19:00,1,1,1,1,1,946,1,1,1,1,1,1,971,1,1,,,,,,
19:00 - 20:00,842,847,866,1,838,746,840,890,960,1,897,810,772,924,908,,,,,,
20:00 - 21:00,777,802,785,866,686,643,776,684,881,959,823,751,698,827,801,,,,,,
21:00 - 22:00,703,816,718,1,654,653,616,661,774,809,909,787,676,667,796,,,,,,
22:00 - 23:00,409,514,523,525,542,527,430,433,545,612,556,615,558,367,527,,,,,,
23:00 - 24:00,188,244,272,264,463,506,188,220,245,586,276,485,560,209,324,,,,,,
I alt,19,20,20,21,20,17,16,20,21,22,21,20,17,17,20,,,,,,
,,,,,,,,,,,,,,,,,,,,,
,,,,,,,,,,,,,,,,,,,,,
Mastra,,,TÆLLING : UGEOVERSIGT,,,,,,,,,,,,Udskr.,05.04.2022 12:06,,,,,
,,,Tidsinterval: 60min.,,,,,,,,,,,,,,,,,,
,,,,,,,,,,,,,,,,,,,,,
Målested,10133322,,"Jagtvej 163, 2100 Kbh. Ø",,,,,,,,,,,,,,,,,,
Bestyrer,101,,København,,,,,,,,,,,,,,,,,,
Vej,1013332-0,,Jagtvej,,,,,,,,,,,,,,,,,,
Lokalitet,2/280,,Jagtvej ud for nr. 163,,,,,,,,,,,,,,,,,,
RetningSpor,T,,Samlet trafik,,,,,,,,,,,,,,,,,,
Køretøjsart,MOTORKTJ,,Motorkøretøjer,,,,,,,,,,,,,,,,,,
Periode,06.09-19.09.2021,,(660-spln),,,,,,,,,,,,,,,,,,
Kommentar,,,AT33,,,,,,,,,,,,,,,,,,
,,,,,,,,,,,,,,,,,,,,,
,,,* markerede dage er helligdage,,,,,,,,,,,,,,,,,,
Ugenr.,36,,,,,,,37,,,,,,,Hverdag,,,,,,
Ugedag,Man,Tir,Ons,Tor,Fre,Lør,Søn,Man,Tir,Ons,Tor,Fre,Lør,Søn,gns.,,,,,,
Tid\Dato,06/09,07/09,08/09,09/09,10/09,11/09,12/09,13/09,14/09,15/09,16/09,17/09,18/09,19/09,talt,,,,,,
00:00 - 01:00,97,92,154,94,120,352,602,84,87,92,104,125,329,382,105,,,,,,
01:00 - 02:00,41,44,71,50,79,237,279,51,59,45,45,90,219,247,58,,,,,,
02:00 - 03:00,38,48,46,40,63,165,204,29,32,32,42,79,177,182,45,,,,,,
03:00 - 04:00,44,30,42,38,49,129,140,36,35,34,44,57,130,142,41,,,,,,
04:00 - 05:00,64,54,66,52,59,97,112,52,53,61,58,64,104,104,58,,,,,,
05:00 - 06:00,219,215,195,230,236,97,108,227,202,232,226,223,88,109,221,,,,,,
06:00 - 07:00,742,681,688,683,671,139,150,687,724,700,703,802,139,119,708,,,,,,
07:00 - 08:00,1,1,1,1,1,292,203,1,1,1,1,1,299,209,1,,,,,,
08:00 - 09:00,1,2,1,1,1,519,417,1,1,1,2,1,515,373,1,,,,,,
09:00 - 10:00,1,1,1,1,1,896,764,1,1,1,1,1,908,818,1,,,,,,
10:00 - 11:00,1,1,1,1,1,1,1,1,1,1,1,1,1,1,1,,,,,,
11:00 - 12:00,1,1,1,1,1,1,1,1,1,1,1,1,1,999,1,,,,,,
12:00 - 13:00,1,1,1,1,1,1,1,1,1,1,1,1,1,1,1,,,,,,
13:00 - 14:00,1,1,1,1,1,1,1,1,1,1,1,1,1,1,1,,,,,,
14:00 - 15:00,1,1,1,1,2,1,1,1,1,1,2,1,1,2,1,,,,,,
15:00 - 16:00,2,2,2,2,2,1,1,2,2,2,2,2,1,1,2,,,,,,
16:00 - 17:00,2,2,2,2,1,1,1,2,2,2,2,2,1,1,2,,,,,,
17:00 - 18:00,1,1,1,1,1,1,1,1,1,1,1,2,1,1,1,,,,,,
18:00 - 19:00,1,1,1,1,1,1,916,1,1,1,1,1,1,894,1,,,,,,
19:00 - 20:00,785,1,886,886,881,890,717,776,866,971,951,742,772,812,882,,,,,,
20:00 - 21:00,824,881,782,829,664,708,765,775,808,890,829,707,656,1,799,,,,,,
21:00 - 22:00,727,711,710,779,592,629,724,614,733,721,710,666,601,627,696,,,,,,
22:00 - 23:00,476,611,506,540,584,596,380,394,482,590,580,580,563,384,534,,,,,,
23:00 - 24:00,199,721,246,266,445,609,197,196,260,309,318,490,450,212,345,,,,,,
I alt,20,21,20,20,20,17,16,20,20,21,21,21,17,16,21,,,,,,
,,,,,,,,,,,,,,,,,,,,,
,,,,,,,,,,,,,,,,,,,,,
Mastra,,,TÆLLING : UGEOVERSIGT,,,,,,,,,,,,Udskr.,05.04.2022 12:06,,,,,
,,,Tidsinterval: 60min.,,,,,,,,,,,,,,,,,,
,,,,,,,,,,,,,,,,,,,,,
Målested,10133322,,"Jagtvej 163, 2100 Kbh. Ø",,,,,,,,,,,,,,,,,,
Bestyrer,101,,København,,,,,,,,,,,,,,,,,,
Vej,1013332-0,,Jagtvej,,,,,,,,,,,,,,,,,,
Lokalitet,2/280,,Jagtvej ud for nr. 163,,,,,,,,,,,,,,,,,,
RetningSpor,T,,Samlet trafik,,,,,,,,,,,,,,,,,,
Køretøjsart,MOTORKTJ,,Motorkøretøjer,,,,,,,,,,,,,,,,,,
Periode,20.09-03.10.2021,,(660-spln),,,,,,,,,,,,,,,,,,
Kommentar,,,AT33,,,,,,,,,,,,,,,,,,
,,,,,,,,,,,,,,,,,,,,,
,,,* markerede dage er helligdage,,,,,,,,,,,,,,,,,,
Ugenr.,38,,,,,,,39,,,,,,,Hverdag,,,,,,
Ugedag,Man,Tir,Ons,Tor,Fre,Lør,Søn,Man,Tir,Ons,Tor,Fre,Lør,Søn,gns.,,,,,,
Tid\Dato,20/09,21/09,22/09,23/09,24/09,25/09,26/09,27/09,28/09,29/09,30/09,01/10,02/10,03/10,talt,,,,,,
00:00 - 01:00,97,76,129,120,133,346,366,86,92,92,124,204,366,361,115,,,,,,
01:00 - 02:00,49,53,50,67,94,214,255,54,51,55,59,93,234,261,63,,,,,,
02:00 - 03:00,36,37,54,44,48,188,186,28,35,55,37,69,191,195,44,,,,,,
03:00 - 04:00,40,33,28,48,47,153,133,49,38,52,70,55,160,150,46,,,,,,
04:00 - 05:00,66,47,63,60,70,87,132,57,53,63,58,70,100,104,61,,,,,,
05:00 - 06:00,220,213,207,200,234,92,103,238,209,211,208,205,117,87,215,,,,,,
06:00 - 07:00,707,687,719,670,690,166,133,694,709,714,685,688,159,122,696,,,,,,
07:00 - 08:00,1,1,1,1,1,291,244,1,1,1,1,1,283,196,1,,,,,,
08:00 - 09:00,1,1,1,2,1,491,414,1,1,2,2,1,545,385,1,,,,,,
09:00 - 10:00,1,1,1,1,1,833,846,1,1,1,1,1,855,773,1,,,,,,
10:00 - 11:00,1,1,1,1,1,1,1,1,1,1,1,1,1,1,1,,,,,,
11:00 - 12:00,1,1,1,1,1,1,1,1,1,1,1,1,1,1,1,,,,,,
12:00 - 13:00,1,1,1,1,1,1,1,1,1,1,1,1,1,1,1,,,,,,
13:00 - 14:00,1,1,1,1,1,1,1,1,1,1,1,1,1,1,1,,,,,,
14:00 - 15:00,1,1,1,1,2,1,1,1,1,1,2,2,1,1,1,,,,,,
15:00 - 16:00,2,2,2,2,2,1,1,2,2,2,2,2,1,1,2,,,,,,
16:00 - 17:00,2,2,2,2,1,1,1,1,2,2,2,2,1,1,2,,,,,,
17:00 - 18:00,1,1,1,1,1,1,1,1,1,2,2,1,1,1,1,,,,,,
18:00 - 19:00,1,1,1,1,921,976,1,1,1,1,1,1,1,1,1,,,,,,
19:00 - 20:00,871,868,912,908,742,682,787,793,910,956,1,809,774,1,889,,,,,,
20:00 - 21:00,719,818,786,811,608,689,742,686,829,867,903,696,663,756,772,,,,,,
21:00 - 22:00,573,687,708,736,526,592,668,636,638,784,779,614,606,610,668,,,,,,
22:00 - 23:00,399,482,538,634,567,502,396,392,484,602,683,560,621,643,534,,,,,,
23:00 - 24:00,199,253,267,319,452,491,182,215,286,332,549,512,457,231,338,,,,,,
I alt,19,20,20,21,20,16,16,20,20,21,22,21,17,17,21,,,,,,
,,,,,,,,,,,,,,,,,,,,,
,,,,,,,,,,,,,,,,,,,,,
Mastra,,,TÆLLING : UGEOVERSIGT,,,,,,,,,,,,Udskr.,05.04.2022 12:06,,,,,
,,,Tidsinterval: 60min.,,,,,,,,,,,,,,,,,,
,,,,,,,,,,,,,,,,,,,,,
Målested,10133322,,"Jagtvej 163, 2100 Kbh. Ø",,,,,,,,,,,,,,,,,,
Bestyrer,101,,København,,,,,,,,,,,,,,,,,,
Vej,1013332-0,,Jagtvej,,,,,,,,,,,,,,,,,,
Lokalitet,2/280,,Jagtvej ud for nr. 163,,,,,,,,,,,,,,,,,,
RetningSpor,T,,Samlet trafik,,,,,,,,,,,,,,,,,,
Køretøjsart,MOTORKTJ,,Motorkøretøjer,,,,,,,,,,,,,,,,,,
Periode,04.10-17.10.2021,,(660-spln),,,,,,,,,,,,,,,,,,
Kommentar,,,AT33,,,,,,,,,,,,,,,,,,
,,,,,,,,,,,,,,,,,,,,,
,,,* markerede dage er helligdage,,,,,,,,,,,,,,,,,,
Ugenr.,40,,,,,,,41,,,,,,,Hverdag,,,,,,
Ugedag,Man,Tir,Ons,Tor,Fre,Lør,Søn,Man,Tir,Ons,Tor,Fre,Lør,Søn,gns.,,,,,,
Tid\Dato,04/10,05/10,06/10,07/10,08/10,09/10,10/10,11/10,12/10,13/10,14/10,15/10,*16/10,*17/10,talt,,,,,,
00:00 - 01:00,104,93,114,122,149,355,337,110,85,168,119,153,348,320,122,,,,,,
01:00 - 02:00,59,39,53,61,80,235,292,47,53,72,43,96,204,222,60,,,,,,
02:00 - 03:00,36,37,37,48,49,198,199,42,35,52,52,64,145,171,45,,,,,,
03:00 - 04:00,31,40,30,40,42,133,148,31,36,49,26,47,120,122,37,,,,,,
04:00 - 05:00,53,53,59,49,63,90,99,53,41,48,53,66,80,93,54,,,,,,
05:00 - 06:00,207,221,193,213,203,101,121,209,214,222,223,230,98,75,214,,,,,,
06:00 - 07:00,782,668,672,708,652,164,132,726,682,719,700,722,135,113,703,,,,,,
07:00 - 08:00,1,1,1,1,1,277,235,1,1,1,1,1,291,174,1,,,,,,
08:00 - 09:00,1,2,1,1,1,560,394,1,1,1,1,2,463,323,1,,,,,,
09:00 - 10:00,1,1,1,1,1,867,893,1,1,1,1,1,796,618,1,,,,,,
10:00 - 11:00,1,1,1,1,1,1,1,1,1,1,1,1,1,853,1,,,,,,
11:00 - 12:00,1,1,1,1,1,1,1,1,1,1,1,1,1,1,1,,,,,,
12:00 - 13:00,1,1,1,1,1,1,1,1,1,1,1,1,1,1,1,,,,,,
13:00 - 14:00,1,1,1,1,1,1,1,1,1,1,1,1,1,1,1,,,,,,
14:00 - 15:00,1,2,1,1,1,1,1,1,1,1,1,1,1,1,1,,,,,,
15:00 - 16:00,2,2,2,2,2,1,1,2,2,2,2,2,1,1,2,,,,,,
16:00 - 17:00,1,2,2,2,1,1,1,1,2,1,2,1,1,1,2,,,,,,
17:00 - 18:00,1,2,1,1,1,1,1,1,1,1,1,1,1,1,1,,,,,,
18:00 - 19:00,1,1,1,1,1,977,986,1,1,1,1,1,946,937,1,,,,,,
19:00 - 20:00,812,914,859,882,808,770,805,823,1,902,918,773,695,664,884,,,,,,
20:00 - 21:00,704,773,779,781,587,608,730,681,816,746,806,616,606,656,729,,,,,,
21:00 - 22:00,601,741,740,665,563,569,553,581,674,687,686,525,539,540,646,,,,,,
22:00 - 23:00,379,499,522,585,576,586,343,443,602,548,507,557,502,371,522,,,,,,
23:00 - 24:00,210,264,271,329,479,494,207,193,714,250,330,466,442,204,351,,,,,,
I alt,20,21,20,20,20,17,17,20,21,20,20,20,16,14,20,,,,,,
,,,,,,,,,,,,,,,,,,,,,
,,,,,,,,,,,,,,,,,,,,,
Mastra,,,TÆLLING : UGEOVERSIGT,,,,,,,,,,,,Udskr.,05.04.2022 12:06,,,,,
,,,Tidsinterval: 60min.,,,,,,,,,,,,,,,,,,
,,,,,,,,,,,,,,,,,,,,,
Målested,10133322,,"Jagtvej 163, 2100 Kbh. Ø",,,,,,,,,,,,,,,,,,
Bestyrer,101,,København,,,,,,,,,,,,,,,,,,
Vej,1013332-0,,Jagtvej,,,,,,,,,,,,,,,,,,
Lokalitet,2/280,,Jagtvej ud for nr. 163,,,,,,,,,,,,,,,,,,
RetningSpor,T,,Samlet trafik,,,,,,,,,,,,,,,,,,
Køretøjsart,MOTORKTJ,,Motorkøretøjer,,,,,,,,,,,,,,,,,,
Periode,18.10-31.10.2021,,(660-spln),,,,,,,,,,,,,,,,,,
Kommentar,,,AT33,,,,,,,,,,,,,,,,,,
,,,,,,,,,,,,,,,,,,,,,
,,,* markerede dage er helligdage,,,,,,,,,,,,,,,,,,
Ugenr.,42,,,,,,,43,,,,,,,Hverdag,,,,,,
Ugedag,Man,Tir,Ons,Tor,Fre,Lør,Søn,Man,Tir,Ons,Tor,Fre,Lør,Søn,gns.,,,,,,
Tid\Dato,18/10,19/10,20/10,21/10,22/10,*23/10,*24/10,25/10,26/10,27/10,28/10,29/10,30/10,31/10,talt,,,,,,
00:00 - 01:00,106,101,136,152,160,245,332,89,99,141,137,156,384,332,128,,,,,,
01:00 - 02:00,48,68,72,75,109,191,219,50,57,52,70,69,273,273,67,,,,,,
02:00 - 03:00,36,39,46,70,73,165,175,46,47,47,45,53,177,177,50,,,,,,
03:00 - 04:00,38,27,62,39,61,98,125,38,37,50,31,55,175,108,44,,,,,,
04:00 - 05:00,47,53,40,56,70,96,92,64,44,54,44,66,114,84,54,,,,,,
05:00 - 06:00,199,195,185,181,182,99,61,218,225,202,219,223,114,105,203,,,,,,
06:00 - 07:00,619,612,609,573,501,140,113,697,682,688,690,679,152,104,635,,,,,,
07:00 - 08:00,1,1,1,990,892,221,163,1,1,1,1,1,274,229,1,,,,,,
08:00 - 09:00,1,1,1,1,1,370,313,1,1,1,1,1,499,427,1,,,,,,
09:00 - 10:00,1,1,1,1,1,696,697,1,1,1,1,1,817,848,1,,,,,,
10:00 - 11:00,1,1,1,1,1,968,890,1,1,1,1,1,1,1,1,,,,,,
11:00 - 12:00,1,1,1,1,1,1,1,1,1,1,1,1,1,1,1,,,,,,
12:00 - 13:00,1,1,1,1,1,1,1,1,1,1,1,1,1,1,1,,,,,,
13:00 - 14:00,1,1,1,1,1,1,1,1,1,1,1,1,1,1,1,,,,,,
14:00 - 15:00,1,1,1,1,1,1,1,1,1,1,1,1,1,1,1,,,,,,
15:00 - 16:00,1,1,1,1,1,1,1,1,1,1,2,2,1,1,1,,,,,,
16:00 - 17:00,1,1,1,1,1,1,1,1,2,1,1,1,1,1,1,,,,,,
17:00 - 18:00,1,1,1,1,1,1,1,1,1,1,1,1,1,1,1,,,,,,
18:00 - 19:00,856,949,971,1,972,942,956,1,1,1,1,1,1,1,1,,,,,,
19:00 - 20:00,654,758,719,747,703,690,759,767,820,804,925,869,696,749,777,,,,,,
20:00 - 21:00,561,616,589,729,639,568,710,693,706,743,810,628,633,675,671,,,,,,
21:00 - 22:00,511,610,602,837,526,536,522,583,606,667,721,563,524,582,623,,,,,,
22:00 - 23:00,342,418,436,499,479,502,326,427,476,535,624,558,518,379,479,,,,,,
23:00 - 24:00,226,240,293,311,424,487,200,206,307,268,315,523,530,196,311,,,,,,
I alt,17,18,18,19,18,15,15,19,20,20,20,20,16,16,19,,,,,,
,,,,,,,,,,,,,,,,,,,,,
,,,,,,,,,,,,,,,,,,,,,
Mastra,,,TÆLLING : UGEOVERSIGT,,,,,,,,,,,,Udskr.,05.04.2022 12:06,,,,,
,,,Tidsinterval: 60min.,,,,,,,,,,,,,,,,,,
,,,,,,,,,,,,,,,,,,,,,
Målested,10133322,,"Jagtvej 163, 2100 Kbh. Ø",,,,,,,,,,,,,,,,,,
Bestyrer,101,,København,,,,,,,,,,,,,,,,,,
Vej,1013332-0,,Jagtvej,,,,,,,,,,,,,,,,,,
Lokalitet,2/280,,Jagtvej ud for nr. 163,,,,,,,,,,,,,,,,,,
RetningSpor,T,,Samlet trafik,,,,,,,,,,,,,,,,,,
Køretøjsart,MOTORKTJ,,Motorkøretøjer,,,,,,,,,,,,,,,,,,
Periode,01.11-14.11.2021,,(660-spln),,,,,,,,,,,,,,,,,,
Kommentar,,,AT33,,,,,,,,,,,,,,,,,,
,,,,,,,,,,,,,,,,,,,,,
,,,* markerede dage er helligdage,,,,,,,,,,,,,,,,,,
Ugenr.,44,,,,,,,45,,,,,,,Hverdag,,,,,,
Ugedag,Man,Tir,Ons,Tor,Fre,Lør,Søn,Man,Tir,Ons,Tor,Fre,Lør,Søn,gns.,,,,,,
Tid\Dato,01/11,02/11,03/11,04/11,05/11,06/11,07/11,08/11,09/11,10/11,11/11,12/11,13/11,14/11,talt,,,,,,
00:00 - 01:00,83,105,101,120,151,352,383,,,,,,,,112,,,,,,
01:00 - 02:00,49,56,66,62,84,243,272,,,,,,,,63,,,,,,
02:00 - 03:00,40,44,45,43,50,179,228,,,,,,,,44,,,,,,
03:00 - 04:00,40,49,41,49,56,159,183,,,,,,,,47,,,,,,
04:00 - 05:00,56,47,72,51,65,127,101,,,,,,,,58,,,,,,
05:00 - 06:00,218,234,213,243,226,96,99,,,,,,,,227,,,,,,
06:00 - 07:00,727,708,696,730,662,164,131,,,,,,,,705,,,,,,
07:00 - 08:00,1,1,1,1,1,290,214,,,,,,,,1,,,,,,
08:00 - 09:00,2,2,1,1,1,534,416,,,,,,,,1,,,,,,
09:00 - 10:00,1,1,1,1,1,968,849,,,,,,,,1,,,,,,
10:00 - 11:00,1,1,1,1,1,1,1,,,,,,,,1,,,,,,
11:00 - 12:00,1,1,1,1,1,1,1,,,,,,,,1,,,,,,
12:00 - 13:00,1,1,1,1,1,1,1,,,,,,,,1,,,,,,
13:00 - 14:00,1,1,1,1,1,1,1,,,,,,,,1,,,,,,
14:00 - 15:00,1,1,1,1,1,1,1,,,,,,,,1,,,,,,
15:00 - 16:00,2,2,1,2,2,1,1,,,,,,,,2,,,,,,
16:00 - 17:00,2,2,1,1,1,1,1,,,,,,,,1,,,,,,
17:00 - 18:00,1,1,1,1,1,1,1,,,,,,,,1,,,,,,
18:00 - 19:00,1,1,1,1,1,1,932,,,,,,,,1,,,,,,
19:00 - 20:00,762,844,858,796,766,719,731,,,,,,,,805,,,,,,
20:00 - 21:00,719,756,695,760,625,636,686,,,,,,,,711,,,,,,
21:00 - 22:00,628,641,655,661,592,590,498,,,,,,,,635,,,,,,
22:00 - 23:00,418,475,499,558,538,513,352,,,,,,,,498,,,,,,
23:00 - 24:00,203,272,288,301,425,515,202,,,,,,,,298,,,,,,
I alt,19,20,20,20,20,17,16,,,,,,,,20,,,,,,
,,,,,,,,,,,,,,,,,,,,,
